{
    "Chrome": {
        "version": 32,
        "data": {
            "Vue": 467.46250000578584,
            "Backbone": 887.9549000077532,
            "Knockout": 423.5067999965395,
            "Ember": 2570.5534000022453,
            "Angular": 2097.935900001903,
            "React": 1883.75129999622,
            "Om": 496.92529999592807
        }
    },
    "Firefox": {
        "version": 26,
        "data": {
            "Vue":668.3608821000048,
            "Backbone":864.388752700001,
            "Knockout": 613.008195500002,
            "Ember":3849.261526499997,
            "Angular":2082.7088436999907,
            "React":1390.0224192000073,
            "Om":621.8296304999991
        }
    },
    "Safari": {
        "version": 7,
        "data": {
            "Vue": 257.9,
            "Backbone": 869.7,
            "Knockout": 560.6,
            "Ember": 1981.4,
            "Angular": 1702.7,
            "React": 983.8,
            "Om": 537.7
        }
    }
}